modelo,accuracy,precision,recall,f1_score,roc_auc
Gradient Boosting,0.9629629629629629,0.9315068493150684,0.9819494584837545,0.9560632688927944,0.9878997877474013
